,IntegratedGradients_L2,IntegratedGradients_L1,IntegratedGradients_sum,InputXGradient_L2,InputXGradient_L1,InputXGradient_sum,Saliency_L2,Saliency_L1,Saliency_sum,GradientShap_L2,GradientShap_L1,GradientShap_sum,Occlusion_L2,Occlusion_L1,Occlusion_sum,model,source,token_types,metric,model_index
0,-0.0070589712835843,0.0273058026531032,0.1314319067331014,-0.0648351966164796,-0.0446416347503719,0.0253859667018354,-0.0494487692363207,-0.0457368222089171,-0.1622134492235893,-0.037632007533024,-0.0348419125587977,-0.0005510992941047,0.20305713603869,0.20305713603869,0.2340922992836166,bert-base,scientsbank,False,RC,0
1,-0.039093909371504,-0.0349437654276274,0.0575987746337635,-0.0582239863733714,-0.0555455744035692,0.0219973708947093,-0.0514114341731637,-0.0537813555137689,-0.1173606035594773,-0.1032430400661151,-0.1025447447149595,-0.0128337205247564,0.1295757808030808,0.1295757808030808,0.1956638014557968,bert-large,scientsbank,False,RC,1
2,0.0976146122134473,0.1261311719988055,0.3982822452249777,-0.0814131385686484,-0.1010300332926775,0.1450495427338968,-0.0703646320370948,-0.0691152754721105,0.1000867286957899,0.0612890011680615,0.0538991723012914,0.1655835613973596,0.1597913252938043,0.1597913252938043,0.2591009974924086,roberta-base,scientsbank,False,RC,2
3,0.0634226021740892,0.0464490636665444,0.0940700183040567,0.0505806128195308,0.0502256352131079,0.1493424245603046,0.0631249331035251,0.060594974628208,0.1423670917316471,0.0537949195412368,0.0429115181943452,0.0964728216274332,0.0966386905243422,0.0966386905243422,0.1618573284947757,roberta-large,scientsbank,False,RC,5
4,0.1182007985167148,0.1368296544542964,0.1425775024597136,-0.009829137877288,0.0076818967784105,-0.0472334742511109,0.0214229899974123,0.0250967567369632,-0.0278558731475558,0.09429993652432,0.1018269400753725,0.0683204230680646,0.0622556266294019,0.0622556266294019,0.0626474889849679,albert-base,scientsbank,False,RC,6
5,0.0945051668941543,0.0994770634206969,0.1685029086177673,0.0665856218294309,0.0771092065591295,0.0240093425106755,0.0691376806709701,0.0765906100345036,-0.0127904345347333,-0.0081474522688778,-0.0129314955913866,0.0557409710622573,0.2013519784724143,0.2013519784724143,0.2218563172125006,albert-large,scientsbank,False,RC,7
6,0.1031030476443124,0.0675102554272688,0.1188484916633417,-0.0532648166094464,0.0634954571744628,0.2048484850332319,0.0169648888814543,0.0044047173003076,0.226480856948559,0.1007349533803262,0.0866582015914969,0.1344297807458908,0.1532819291516367,0.1532819291516367,0.1315277765976097,distilbert-base,scientsbank,False,RC,9
7,0.1180570699281117,0.1334362575331289,0.1958044817180245,0.122132834708427,0.1264636681982093,0.204022998250756,0.1374772713927639,0.1362613702097504,0.1112518337112051,0.1361226306621732,0.1161305635503735,0.2164047243037475,0.0949579195690703,0.0949579195690703,0.1969019554213513,distilroberta,scientsbank,False,RC,10
8,0.1434644892268145,0.1247050125040442,0.2736160607781409,-0.089462168154904,-0.0580346090972956,0.136345275393235,-0.0683715600446564,-0.0668123411036061,0.0367483746419026,0.1589750185657362,0.1426920025006183,0.311353116043934,0.1351465972542428,0.1351465972542428,0.3404399474178942,distilbert-base-squad2,scientsbank,False,RC,11
9,0.2606067183055695,0.2184587288425669,0.4600409565510992,0.0794702877532459,0.0659825104560452,0.2268822453240483,0.0624283905267313,0.0600452851745523,0.1563444302447474,0.150734630448257,0.1311087054312544,0.2640020154009448,0.2244127199191248,0.2244127199191248,0.3386392248197477,roberta-base-squad2,scientsbank,False,RC,12
10,0.1626921126726967,0.1338884005427697,0.3388933028231427,-0.1222009648029186,-0.132345642564147,0.0965244544934217,-0.1427017979676731,-0.1423503259365821,-0.0405279945148415,0.097361142020399,0.0997998411783884,0.2079600983230033,0.1908523231047631,0.1908523231047631,0.3099100442697008,distilroberta-base-squad2,scientsbank,False,RC,13
11,-0.0297750232253891,-0.0170370580083934,0.1382478120923221,-0.0552144499510343,-0.0460752626447531,0.0563568864683992,-0.0558872155820994,-0.055215364448947,-0.1815381618645301,-0.1022175449888668,-0.1113049105736323,-0.0622670947710744,0.1691349790917199,0.1691349790917199,0.2270028828403573,bert-base-squad2,scientsbank,False,RC,14
12,0.0394945356653995,0.0417351317595256,0.1953761918622717,-0.0232500044105472,-0.0334345390391347,-0.0213365699446679,-0.0528243334481917,-0.0497369122869615,-0.0648573731908611,0.0924701405482289,0.0834599738274513,0.108212574045037,0.2503587022802129,0.2503587022802129,0.2587079920144518,albert-base-squad2,scientsbank,False,RC,15
13,0.0028449673018308,0.002581463645799,-0.0377670359127045,0.0076354009406327,-0.0033859166470404,0.1686649350398224,0.0394790130841398,0.0362960947744425,0.5826561412875334,-0.0026348559323725,0.0010688030960544,-0.0319013018315127,-0.0383898164458479,-0.0383898164458479,-0.006896961457296,distilbert-base,scientsbank,False,DC,9
14,-0.0035295951751921,0.0101324008656461,-0.0916858241364459,-0.0700680509558,-0.066425286291353,-0.1042992352111387,-0.062039657223017,-0.0616066503152911,-0.1464964241843848,-0.0303492417987105,-0.0139714528756839,-0.0880145433079529,-0.1194026486743713,-0.1194026486743713,-0.1288237585784894,bert-base,scientsbank,False,DC,0
15,-0.067869058553574,-0.0639764129295177,-0.1347925251699042,-0.046404398961816,-0.0426419598390512,-0.1038465829002511,-0.0419171324078135,-0.0418959933600359,-0.1390365961258993,-0.0648202392350085,-0.0629449144419581,-0.1343413956140096,-0.1209843838264866,-0.1209843838264866,-0.1354234708455542,distilroberta,scientsbank,False,DC,10
16,-0.0485115822160562,-0.0428180798189026,-0.1215215965096369,0.000128526449596,-0.0016278679614214,-0.088426225569117,0.0070726858474997,0.0068572340182099,-0.0993009965323468,-0.0535021336672411,-0.0497385133040042,-0.1198415259771242,-0.1054335959235385,-0.1054336077714874,-0.1171704983573878,distilroberta-base-squad2,scientsbank,False,DC,13
17,-0.0209058875085663,-0.0211169949708126,-0.0444830899280737,-0.0037992918168219,-0.0019197383090076,-0.0309815791258528,-0.0076743868609913,-0.006310694917293,-0.0286021005963308,-0.033542503342806,-0.0329756530836275,-0.0531984039178902,-0.0562957669160172,-0.0562957669160172,-0.0628160153336212,albert-base-squad2,scientsbank,False,DC,15
18,-0.1084670671270953,-0.0844849478950888,-0.2255248263895787,-0.0613732599455451,-0.052773770425989,-0.1367267802249206,-0.0450464622124451,-0.0434769201551747,-0.1420355929533051,-0.0591927737129407,-0.0347133342736622,-0.1518416130104514,-0.1129725059146888,-0.1129724677379645,-0.1459765972415522,roberta-base-squad2,scientsbank,False,DC,12
19,-0.1296125077440351,-0.1183943466091824,-0.1409835450199689,-0.1543184688897934,-0.1574863528481117,-0.1479195051482562,-0.1673892656569938,-0.1683848581640872,-0.1882715354967166,-0.1162389862903393,-0.1115521777278327,-0.1435927704030802,-0.1424749096713735,-0.1424749079788094,-0.1502402516815567,roberta-large,scientsbank,False,DC,5
20,-0.0631415566303312,-0.0595408152991936,-0.1978398209031691,0.0212441654570667,0.0345653479127448,-0.0802307989196,0.0330119444983552,0.033371848733762,-0.0722002812333042,-0.0435748269659064,-0.0305794278250405,-0.1058717276706415,-0.1055618588659743,-0.1055619208138215,-0.1268474432542365,roberta-base,scientsbank,False,DC,2
21,-0.0656950833286471,-0.0637158885828877,0.0011212664219749,0.0158262234023982,0.010966523576137,-0.0074399106173404,0.013553725553512,0.0124746905373983,-0.022808625748303,-0.0203319758472637,-0.0115490145258061,-0.0250353762838556,-0.0796893998187222,-0.0796893998187222,-0.0863094099034745,albert-large,scientsbank,False,DC,7
22,-0.0404930238231186,-0.0393313962285306,-0.0675410094217921,0.0044405044736546,-0.0003151523131931,-0.003574392502018,0.001026792394285,-0.0022573966161148,-0.030062770897274,-0.045605436719828,-0.0404079948799135,-0.0702995508883223,-0.0807436134673302,-0.0807435423044116,-0.0905495380009863,albert-base,scientsbank,False,DC,6
23,-0.0837217446937476,-0.0770398594607505,-0.1717706084320417,-0.0603347151505294,-0.0586286832422663,-0.1440037470156258,-0.0538044337017368,-0.0539736526528093,-0.1606787027237802,-0.0869583147535362,-0.0738446381842732,-0.1548749455733741,-0.1422377668992929,-0.1422377860566114,-0.1702093200697325,bert-base-squad2,scientsbank,False,DC,14
24,0.0386477948018606,0.0466353208215859,0.0130048332867517,0.0177205168179214,0.0249105984184915,0.1485532303116317,0.0224766691688152,0.0218928908046886,0.1315746138569652,0.0360986141211696,0.0425741693110028,0.0136622061572174,0.0342449156526569,0.0342449156526569,0.0925925039445462,distilbert-base-squad2,scientsbank,False,DC,11
25,-0.0814485401868702,-0.0729645695735232,-0.2098922364547334,-0.0673160696482257,-0.06677293020026,-0.1496676331011301,-0.0581806777965947,-0.0582126562319398,-0.1549920439848691,-0.0503281108979338,-0.046201113985169,-0.152777762219683,-0.2122819637526545,-0.2122819917363815,-0.2305892215045828,bert-large,scientsbank,False,DC,1
26,0.5647323863185725,0.6754547332584689,0.6283085679667441,0.6931823637445783,0.6936364009840951,0.4900619256084079,0.6584218710307268,0.6575885762171224,0.5005113067811103,0.5392204093749022,0.6498080034802485,0.5639332980592595,0.5990445559298002,0.5990445559298002,0.5770330661915426,roberta-base,scientsbank,False,HA,2
27,0.6821916996378231,0.7241155407370611,0.56618920870424,0.7159312457538398,0.7170644272230209,0.4833297428399472,0.6891131249004404,0.690250161326763,0.497452358886621,0.6425099572580842,0.7003640956405179,0.5279412530318404,0.5892080300764442,0.5892080300764442,0.550899671410242,distilroberta,scientsbank,False,HA,10
28,0.5814080760387952,0.5806912211742641,0.5559529586645504,0.7100034019070364,0.7051891052308046,0.5443125514881623,0.7007133904829362,0.7006856990715771,0.5057891357101661,0.5334098875952873,0.5277022334518241,0.4860291429723046,0.6401558373188595,0.6401558373188595,0.611638084515807,bert-large,scientsbank,False,HA,1
29,0.5000990206282594,0.5287163774143855,0.5287186622568547,0.6853039791972948,0.6827897365126067,0.4907311354388318,0.6664815410333114,0.6695382345562813,0.5213340708396658,0.5073353992854378,0.5383210060725722,0.5042275370988204,0.5644582413974447,0.5644582413974447,0.5782100463743782,roberta-large,scientsbank,False,HA,5
30,0.6643874870705936,0.67036277581636,0.540557221994754,0.7365527322612406,0.7367053357827834,0.4901661477165049,0.7305400971000925,0.7273733550044534,0.5197579655748832,0.6339762585243193,0.6449440518206819,0.5115025963978874,0.6248145526991785,0.6248145526991785,0.6105702481602522,albert-large,scientsbank,False,HA,7
31,0.4996458001760906,0.5245810366844714,0.5250580116581957,0.6638318123032162,0.6608652701964232,0.5232482055442317,0.6327821868156192,0.6350538105317446,0.5177362926062149,0.4962033493295367,0.5156184917336265,0.5254692650211399,0.4962767898833605,0.4962767898833605,0.5290943682126601,distilbert-base-squad2,scientsbank,False,HA,11
32,0.5752903264967864,0.5927872502245632,0.5323591226116737,0.7196239549251017,0.7176947448792914,0.5128220872370166,0.6863181771086541,0.6885507255453558,0.5170441922457674,0.5682288152754651,0.5808480654508994,0.4948838122582569,0.5768075408869616,0.5768075408869616,0.5716810500457884,bert-base,scientsbank,False,HA,0
33,0.6962233492785013,0.7496026534029684,0.6346506148659585,0.7444079939956709,0.7436377473824805,0.5406583899231234,0.7284909589572687,0.7276537363735472,0.5126076209092001,0.6215880426687872,0.7045320361318889,0.5525757701856546,0.6119442374641414,0.6119442374641414,0.5776247329465247,roberta-base-squad2,scientsbank,False,HA,12
34,0.4057241953173968,0.4684527596943293,0.4989163235888669,0.6663287292846589,0.6622688480361015,0.5193134059873014,0.5630363866995656,0.5689695809396866,0.5013494083158746,0.420942945751113,0.4623813008499707,0.5059296295248367,0.5245942024796924,0.5245942024796924,0.5031476163756661,distilbert-base,scientsbank,False,HA,9
35,0.6570785453424819,0.6744829885255734,0.5341212093411187,0.6365860383706465,0.6420490738758868,0.499282633724624,0.6661237491539271,0.6683814833795173,0.5050033316198402,0.6317837653587758,0.635138365436616,0.5176409603309259,0.5895970867174696,0.5895970867174696,0.5847984028795894,albert-base-squad2,scientsbank,False,HA,15
36,0.6215860788017118,0.6334690383060967,0.5420253909620861,0.7472469021716078,0.7426617088331016,0.5299879827985566,0.728568064348112,0.729076262747297,0.5596223195148763,0.5902744926574853,0.5981829173095918,0.5249196631308356,0.596910399503199,0.596910399503199,0.565062544930638,bert-base-squad2,scientsbank,False,HA,14
37,0.6438244652641407,0.6716608781052305,0.5717945847963342,0.6383452240419164,0.6405889005278143,0.5016802522137864,0.6570689410202412,0.6545435775940169,0.4996794392284405,0.6181744365558844,0.636893344846716,0.521065547327174,0.591831444836406,0.591831444836406,0.5668136439888954,albert-base,scientsbank,False,HA,6
38,0.6595017702978095,0.7219547880122391,0.5734903355012483,0.7271029755767269,0.7257099413642447,0.5338562996800936,0.699363019022239,0.6991089936480753,0.4598688465661252,0.6392749557437364,0.7038589623666217,0.5640835315199646,0.6306722541798362,0.6306722541798362,0.5861230136711415,distilroberta-base-squad2,scientsbank,False,HA,13
39,-0.1830027302716222,-0.1835713193488058,-0.0512609992665345,-0.138802683700816,-0.1101227336217329,-0.2897501664100421,-0.1211822141282382,-0.123089628149526,-0.2687042924893544,-0.222100560131866,-0.219671920450724,-0.189757741696221,-0.0977949969267154,-0.0977949969267154,-0.0978555824134278,bert-base,scientsbank,True,RC,0
40,0.160158877246526,0.283561987659689,0.2015147591008641,0.2196521486185614,0.2618739075798502,0.076361833140025,0.1531603009292556,0.1537211167741818,0.1843704381081339,0.1837814217428238,0.230831423953813,0.1311429609982461,-0.1365865504258531,-0.1365865504258531,0.0153429506252288,roberta-base,scientsbank,True,RC,2
41,0.0801615719670419,0.0887330846940522,0.0858021950922021,0.0916061323029279,0.0897226476436875,0.1418948297679282,0.0926565855719131,0.0923222603766839,0.1476414584427952,0.0973929589263368,0.0955422057068136,0.0973594273368455,0.1629909248656517,0.1629909248656517,0.1897293958762012,roberta-large,scientsbank,True,RC,5
42,-0.0136495291154987,-0.0130989251639304,0.0577291667944741,0.0513638802817065,0.0471006434293001,-0.0625198403179953,0.0337672638630167,0.0318673182413488,0.0029925801068735,-0.0066434080638785,-0.0199590308753351,0.0414946942261022,0.1559037184590146,0.1559037184590146,0.1754255054001292,albert-base,scientsbank,True,RC,6
43,0.0346901446731887,0.0301750398540095,0.0934549422496473,-0.2165654133307656,-0.1929622984137004,-0.1440846712279028,-0.2101297104787248,-0.2066164381228421,-0.1765594828118021,0.0237862807749737,0.0093807288887351,0.0390656735041705,0.0866045145942245,0.0866045145942245,0.0376010677372795,albert-large,scientsbank,True,RC,7
44,0.1473686332321911,0.1399618860132459,0.260520679293622,0.0561152303949842,0.0653611091244067,0.0807739045277134,0.0583856238794304,0.0604303650039329,0.0023355895648014,0.0788446934706889,0.0636548453270653,0.1627703372472002,0.0907181548297549,0.0907181548297549,0.1830310034987547,distilroberta,scientsbank,True,RC,10
45,0.1899696039945878,0.172031575021846,0.2750777332751764,0.1519238235432077,0.156970175441471,0.1846389956618124,0.1455711875848983,0.1483381534359077,0.1898623791143309,0.1762397862254479,0.151195575491525,0.2242654052743171,0.2072022502440471,0.2072022502440471,0.2716293902710911,roberta-base-squad2,scientsbank,True,RC,12
46,0.1061639483660761,0.1112219601127256,0.3514716119462234,-0.16149648286008,-0.1647021790846783,-0.0210181722547506,-0.1653838610703916,-0.1637868428822856,-0.1186761088068092,0.0298847624055402,0.0442858180104606,0.223080939979617,0.1484768522859914,0.1484768522859914,0.2802603453624229,distilroberta-base-squad2,scientsbank,True,RC,13
47,-0.1500017775553177,-0.1060558089879065,-0.0332967546869637,-0.1889370596430585,-0.1796790638162935,-0.2098290692899446,-0.200865846623687,-0.2005242816533162,-0.2061369363839815,-0.0675693154634602,-0.0700164737269803,-0.1266500328390478,0.0932546672067793,0.0932546672067793,0.2121563140612932,bert-base-squad2,scientsbank,True,RC,14
48,-0.0073417035549086,-0.0185452174826547,0.1142002511897141,-0.0631302676746821,-0.0538916287204013,-0.0090801640868363,-0.0572500460964104,-0.0501564382043848,-0.0627570763181658,-0.0148051493623692,0.0125849008890996,0.0184234745970298,0.1221169072031152,0.1221169072031152,0.1169192821084694,albert-base-squad2,scientsbank,True,RC,15
49,0.0120386514758648,0.0151558210410771,-0.1335360342946791,-0.055559175831649,-0.0544830222743593,-0.1478005619466232,-0.0312402997146555,-0.0298769394821875,-0.1763280554701271,-0.0151396321916865,-0.003022024479748,-0.1394449935733029,-0.0813747866108049,-0.0813747866108049,-0.1058212796059677,bert-base,scientsbank,True,DC,0
50,-0.0760823017533215,-0.0641058837103918,-0.1534037400257503,-0.035598518540625,-0.0290981687469857,-0.136597133397741,-0.0285688301284361,-0.0264004971772458,-0.1325587517857572,-0.0501845318549091,-0.0350341990220324,-0.1477178504995035,-0.1321464769683203,-0.1321465151074321,-0.162919956938899,roberta-base-squad2,scientsbank,True,DC,12
51,-0.0223665880006084,-0.0152080093127602,-0.1878698767686144,-0.1150756067856742,-0.1156440132635405,-0.1775154145668633,-0.0954492863577858,-0.095274105011047,-0.2009389101498851,-0.0531989611411793,-0.038683387387354,-0.1841905872654624,-0.1340521837263397,-0.1340521837263397,-0.1562670582269754,bert-base-squad2,scientsbank,True,DC,14
52,0.041668804212569,0.0443262806439368,-0.1497644806428135,-0.0978528180708515,-0.0962426383135748,-0.1625077537631899,-0.0798974743477277,-0.0800033421780065,-0.1463231231777535,0.0203803341653862,0.0281066533635094,-0.1451184879629703,-0.1491482239037897,-0.1491482977998859,-0.1764167569401678,bert-large,scientsbank,True,DC,1
53,-0.0123841721322967,-0.0074035745376551,-0.0646130922612076,-0.0471814986103887,-0.0422156493989832,-0.0433848289201168,-0.0440834967947856,-0.0399861539252099,-0.0631099323033375,0.0010235170256874,-0.0027271789743417,-0.0263011081569821,-0.1014434181241265,-0.1014434181241265,-0.1109011047781486,albert-base,scientsbank,True,DC,6
54,-0.1140899815317327,-0.1040538812776115,-0.1630120445827753,-0.1503171209359441,-0.1526314233572888,-0.1737594300813191,-0.1515448480745717,-0.1517772935925242,-0.1938919574115653,-0.1645557425016746,-0.1505923679587654,-0.196479857245097,-0.1645377128263664,-0.1645377128263664,-0.1863810861123223,roberta-large,scientsbank,True,DC,5
55,-0.0423895589144948,-0.0287119030383671,-0.1086411378254486,-0.0101261671707558,-0.0001007210185798,-0.0689600323022745,-0.0197967583072297,-0.0200233397361482,-0.1127414015016606,-0.0423462512320459,-0.0303208286556773,-0.1038894460640997,-0.0796964539847119,-0.0796964539847119,-0.0994850037382976,distilroberta,scientsbank,True,DC,10
56,-0.0376414092325798,-0.0305479712198505,-0.1308049074709705,-0.0552477081365399,-0.0410456220465004,-0.1162677992048473,-0.0609526490450825,-0.0603592066788886,-0.1365289811894568,-0.0529511792933625,-0.0406330387521037,-0.1293395900897819,-0.0666864788325544,-0.0666864788325544,-0.0873933804714693,roberta-base,scientsbank,True,DC,2
57,-0.022182781272247,-0.0207695603446506,-0.0041701241490296,-0.026195600466736,-0.0276758695578851,-0.0432033785100265,-0.0278610741816522,-0.0280219298849908,-0.0355948288168108,-0.040574966344668,-0.0348764177994107,-0.0393970983402036,-0.0620791280892896,-0.0620791153010272,-0.0690228275674992,albert-large,scientsbank,True,DC,7
58,-0.0636593302465324,-0.0573132815950603,-0.1408633300068411,-0.0713564721590913,-0.0381466780721393,-0.1205308541077501,-0.0559342150256706,-0.0560593928813137,-0.1330291090223729,-0.0667854536638542,-0.0592357630989832,-0.1507967682156324,-0.1974973961787496,-0.1974973961787496,-0.212186516600921,distilroberta-base-squad2,scientsbank,True,DC,13
59,0.0150510679021916,0.014660485446668,-0.0476082941452293,-0.0100983426451087,-0.0034193091758043,-0.0405172643440902,-0.0083848262182557,-0.006740735054708,-0.0316395908475393,0.0118124384240894,0.0139960296089751,-0.0292313558536204,-0.0466323702426146,-0.0466323702426146,-0.0540746124483069,albert-base-squad2,scientsbank,True,DC,15
60,0.5880482949843251,0.5863451087633765,0.5198968734313892,0.7283330465236756,0.725052679273592,0.4867931893003255,0.704516992803694,0.704667746447801,0.5331162774193361,0.5589816730547967,0.5626152566651295,0.5054026050647401,0.6129273164665081,0.6129273164665081,0.5493170170593304,bert-base-squad2,scientsbank,True,HA,14
61,0.5585943085573486,0.5572403049971163,0.5238085126208831,0.7316278039442484,0.7334593596535103,0.4892526085740751,0.7253134316204835,0.7266627644951049,0.50482471161814,0.5347982623765805,0.538455987472081,0.4920212569869952,0.5913333774108895,0.5913333774108895,0.5748219625693679,bert-large,scientsbank,True,HA,1
62,0.6586822100242488,0.6646558636035137,0.5519190544838195,0.7161608868974781,0.7116683769918167,0.459924381173351,0.6926799487231895,0.6924545444433146,0.4848105798098596,0.5998773027202988,0.5995326769669367,0.5110235199193559,0.6063117883734472,0.6063117883734472,0.6000048936405803,bert-base,scientsbank,True,HA,0
63,0.5202369180863735,0.5296446885998121,0.5104190343661658,0.6841274784629304,0.6781404053096006,0.4879195722085604,0.6655301150278473,0.6657284750561102,0.5092048568689729,0.5103528190086649,0.5301467997697704,0.510880927495928,0.5990955203095906,0.5990955203095906,0.602395847232445,roberta-large,scientsbank,True,HA,5
64,0.6496805570699916,0.6502126084576032,0.5354282168564795,0.7052416840121788,0.7044487317331413,0.483710391416358,0.7068020878553591,0.7022311090626101,0.4978543312646522,0.6206303588827905,0.6172963415139147,0.4941727606052999,0.5839046642444276,0.5839046642444276,0.5676966687214269,albert-large,scientsbank,True,HA,7
65,0.6868184873712836,0.7392802358101916,0.588701711492352,0.7235632227918091,0.7244366794485798,0.4730333301575178,0.6983016643353909,0.6999792567801908,0.4955985318812798,0.6797168410911131,0.7209889845034347,0.5743563783837055,0.6009741053540909,0.6009741053540909,0.5631073064970291,distilroberta,scientsbank,True,HA,10
66,0.7370246475418782,0.7691788119283919,0.6005157398607136,0.7504496784978982,0.7538641573274646,0.5307583994925654,0.7309844587331431,0.732594897302582,0.5238588523130456,0.6732214996320385,0.7283467050910115,0.565788631930708,0.607071023303199,0.607071023303199,0.5641907961320408,roberta-base-squad2,scientsbank,True,HA,12
67,0.6492101289075638,0.7014563554318595,0.5793325993830007,0.7119054953350474,0.7066473620605336,0.5189282200263063,0.6606777704834467,0.661406557200854,0.5045666072882405,0.6150273455874757,0.6743499872275035,0.5676111204628701,0.6106325251694839,0.6106325251694839,0.5302950626403627,distilroberta-base-squad2,scientsbank,True,HA,13
68,0.6987127743923316,0.7120859887324562,0.5803649033293559,0.7095175766542595,0.7065820834599942,0.5209002717670632,0.7390204582356792,0.7438721873974495,0.5161192064235025,0.6763048177394144,0.6998531125884965,0.5320683536074091,0.564321932319421,0.564321932319421,0.525441574034705,albert-base,scientsbank,True,HA,6
69,0.6987569623258143,0.6998689854704746,0.5667906622407374,0.6987635210403326,0.7059415330477506,0.537130875303698,0.7067874515067532,0.7090566093539599,0.5243877123491902,0.6988096268078035,0.6991342208314525,0.5237609669376061,0.5887478766016309,0.5887478766016309,0.5664933778874561,albert-base-squad2,scientsbank,True,HA,15
70,0.6139198276495295,0.7029111089138773,0.562708667448668,0.7049224545499063,0.7044073752085026,0.5113133515826631,0.6805027767897203,0.683251148508674,0.5161980720465311,0.5907490571423399,0.6617905623384114,0.533811758360128,0.5801388808006107,0.5801388808006107,0.5623373540121445,roberta-base,scientsbank,True,HA,2
71,0.2302007387820293,0.2158412820945979,0.2306120057406452,0.19265146840333,0.2121004268723914,0.0790656923163554,0.1817833907386145,0.1830286644758184,0.0612438899696402,0.2077018723124383,0.1810264160291326,0.2166964785456907,0.2803729663328883,0.2803729663328883,0.1299382326899985,bert-base,beetle,False,RC,0
72,0.1171551237389071,0.1122875867035156,0.0387433845198554,0.1202461233142942,0.1347750973817642,0.2377461353139706,0.1589639865711328,0.1617244974974528,0.0725213614727501,0.1862802841101923,0.199857127755111,0.1479227623559497,0.0528605062786404,0.0528605062786404,-0.0701409768813648,bert-large,beetle,False,RC,1
73,0.1410273385408416,0.1382866124468604,0.0579566810510592,0.2636122865916083,0.2370430128108545,0.2291414892968154,0.2320704639730495,0.2295145914309198,0.2354296709501414,0.145655233257905,0.1250514961723373,0.2254184287167124,0.071489155160733,0.071489155160733,0.0928991534316089,roberta-base,beetle,False,RC,2
74,-0.084652390446759,-0.0706255296686438,-0.0879761252096577,0.1281036285031299,0.1261084042572744,0.107618366271567,0.1572121508840483,0.1582073630716923,0.121088207923837,-0.0666027698531134,-0.070410354983208,0.0894412564328509,-0.1256792255865412,-0.1256792255865412,-0.102737366184584,roberta-large,beetle,False,RC,5
75,-0.0760658902817488,-0.0651981638270749,0.1123127567564909,0.0175446976239587,0.036461924090164,-0.0132040927208558,0.0767240578995508,0.0677265249159525,-0.0306810068068018,0.0119199517390574,-0.0474474229787598,-0.0395814887489277,0.1508083040570496,0.1508083040570496,0.1960173483712107,albert-base,beetle,False,RC,6
76,-0.0128301710966545,-0.007815125843826,-0.0189441525693882,-0.1918379488771639,-0.1914627394828104,-0.0842940391343983,-0.1936319297692303,-0.1907179400547677,-0.1540268559204956,-0.0161279163164809,-0.0116331302051523,0.0112126147154431,0.0940007822618324,0.0940007822618324,0.0469995131058124,albert-large,beetle,False,RC,7
77,0.0450137715310779,0.0810536582213529,0.2633859902548578,0.0119611603839287,-0.040415963807571,-0.0069177841877512,-0.0465862559569613,-0.0405418140724478,0.0642318679328491,0.0792755988511685,0.0872264088410337,0.2125828723994213,0.0490197903346294,0.0490197903346294,0.1684806079960926,distilbert-base,beetle,False,RC,9
78,-0.1118519691820212,-0.146478352525206,0.0804163290660142,-0.0465663540546087,-0.1047622091439407,0.1724400329341363,-0.1133521043393522,-0.1072558004387081,-0.0113152851175798,-0.0859567845409515,-0.1358356346371303,-0.0040400861775785,-0.0003489857112536,-0.0003489857112536,0.0729120241089303,distilroberta,beetle,False,RC,10
79,0.1699328615177635,0.2370915968665976,0.299284807578457,-0.1240312310017318,-0.1031639693150128,0.0856229008614831,-0.1268937099101054,-0.1247420801257613,-0.0079238838866823,0.0880693129406734,0.0939506762959094,0.1417603138974867,0.1400152682712048,0.1400152682712048,0.3074059544384578,distilbert-base-squad2,beetle,False,RC,11
80,0.1865537596625199,0.1719855671404138,0.3277727418160158,0.2521189379829796,0.2533246420555059,0.2638924351347247,0.2816702191562366,0.2812964146020491,0.1970846756873795,0.1294369388907405,0.1185436911730497,0.2865317856209223,0.1667668200635058,0.1667668200635058,0.23477396180263,roberta-base-squad2,beetle,False,RC,12
81,-0.0070244349703584,0.0032063135390183,0.1205424275193203,-0.3087081242023873,-0.3005026869324226,0.0919545154899432,-0.301778750083266,-0.3002039242571058,-0.1188378881178267,-0.0780941282715069,-0.070743067962538,-0.0122394358068237,-0.0002706658719954,-0.0002706658719954,0.0463114926344815,distilroberta-base-squad2,beetle,False,RC,13
82,0.1009138836490301,0.1120111844008421,0.2802070781232786,-0.0393507437516514,-0.0375485679586162,0.0722734071834394,-0.032143211279649,-0.0274913172097486,-0.113665383696385,-0.034731512215612,-0.0356996812300593,0.0980963596259706,0.2321318086603011,0.2321318086603011,0.2763133294629986,bert-base-squad2,beetle,False,RC,14
83,-0.0312298310316783,-0.0005633409065925,0.1100788267524181,-0.0774800960489221,-0.0833556059034661,0.0417011584194939,-0.0495928480523705,-0.0649555947584008,0.0122306555557857,-0.0256384501007211,-0.0102270022689339,0.0184813748046833,0.0235170243799474,0.0235170243799474,0.0367283754416612,albert-base-squad2,beetle,False,RC,15
84,0.1105681019181137,0.1137061997474043,0.1580085605357089,0.0696015551450513,0.0777135224056237,0.6396407015804776,0.0510772229157486,0.0511767818698468,0.6800895866562735,0.0773127854746111,0.0866059164324321,0.0510974995266816,0.0911253899925565,0.0911252732450717,0.4427894717973564,distilbert-base-squad2,beetle,False,DC,11
85,0.1487416150157093,0.1494388046601901,0.1238987592477057,0.1677931018472836,0.1866347922592965,0.1204249615258533,0.1847871901808286,0.1838529017344497,-0.0105152879804547,0.1400144861558304,0.1544679607972585,0.0731596272677221,0.0825783145627335,0.0825787407760045,0.0585355355946817,distilroberta,beetle,False,DC,10
86,0.2749458961666844,0.2804800691804391,0.1305728275431794,0.2338493462401632,0.2435597497473677,-0.0633374504709667,0.215724617253847,0.2159673616340147,-0.0950499194366292,0.2500606955519522,0.2556686881217249,0.0802154962220619,0.0616790937595868,0.0616790010412101,-0.0066594736948221,bert-base,beetle,False,DC,0
87,0.1703797588278759,0.1811375819824776,0.1048072053819483,0.1301642246213792,0.1429905462656198,0.0384660673696264,0.1160851191154624,0.1168688174568742,-0.1573808645271292,0.1632131028211931,0.1821820715351136,0.0769802733922939,0.1908791186699846,0.1908791186699846,0.2231713794788511,roberta-base,beetle,False,DC,2
88,0.0442065025584999,0.0428046560178842,0.0481444959984823,0.117752635384455,0.1114448943614503,0.0085763112550928,0.1041196894450413,0.1012566905589899,0.0067785423606393,0.0666351342236019,0.0637561588447365,0.0446123955535782,0.0081145943215025,0.0081145943215025,-0.0346576985411599,albert-large,beetle,False,DC,7
89,0.1048469854490558,0.1017242415888907,0.1386639763224159,0.0947044675103467,0.1019959349278209,0.0749358466320864,0.104637309539115,0.1054411642245595,0.018508329955303,0.11530437067474,0.1121149764764558,0.0886634605582415,0.0269443022179469,0.0269442438199327,-0.0133785794804637,albert-base-squad2,beetle,False,DC,15
90,0.0773586123071302,0.0768830195587544,0.051778358065725,0.0805039858832886,0.0798828107688996,0.0587676324100581,0.0711794541726587,0.0716617748043136,0.0072494089924618,0.058889144527221,0.0678577119187372,0.0348396903942969,0.0550202418604126,0.0550201238993364,0.0352260935496943,albert-base,beetle,False,DC,6
91,0.2282389406597304,0.249799425624462,0.1284276432116912,0.1161725650204334,0.1245656560251548,0.0057330925725115,0.1114845132137346,0.1119954257413114,-0.0836002526115234,0.1891248500891603,0.2206336935272771,0.0716246821372237,0.1543265026738372,0.1543265778679552,0.1090802472586971,roberta-base-squad2,beetle,False,DC,12
92,0.115938475083936,0.106179978724034,0.3559858454055208,0.0897037350720421,0.0674572331712447,0.2578073339042647,0.0607861457469061,0.0641047045082825,0.1722479949081675,0.1089595661925327,0.1018288667116304,0.3127668799399679,0.1031731868150987,0.1031731868150987,0.3337908137571991,distilbert-base,beetle,False,DC,9
93,0.1352355065276098,0.1454922753996322,0.0458187631875583,0.1486582264602444,0.1472699720210526,0.0506636486624686,0.1287079798450783,0.1290048474854244,-0.0930941610433589,0.1330814498014802,0.1483606841116689,0.0454565542857764,0.0673891489700709,0.0673891489700709,0.0236943084536825,roberta-large,beetle,False,DC,5
94,0.2895226966097153,0.2948134784961527,0.1312293510516662,0.2512631100553503,0.2448942235930669,0.00699709613447,0.2329669877760929,0.2300802961652137,-0.0735675436636319,0.2857122512289952,0.2897504471662285,0.1447672605576835,0.1307415161766001,0.1307415161766001,0.0357167973056661,bert-large,beetle,False,DC,1
95,0.2758767572336575,0.2737000915439844,0.0770249581158992,0.2997741854371734,0.3130280062252527,0.0413719351311022,0.2888056410336128,0.2894336727447685,-0.0272280587602606,0.264204639671018,0.2718892230058162,0.0708026631450803,0.0865979871634101,0.0865979612410996,-0.0198494313513387,bert-base-squad2,beetle,False,DC,14
96,0.1732313958049796,0.1822630109401337,0.0513696392954538,0.2023796305367105,0.2181345872553657,-0.0070013677331925,0.2106914186900837,0.2101654375330865,-0.0962355271047417,0.1633701641105923,0.1774711761048539,0.0503464157947521,0.0281692421685687,0.0281692486248745,-0.0058025221803807,distilroberta-base-squad2,beetle,False,DC,13
97,0.1905435057341478,0.210552644219428,0.0704022771522531,-0.0394620773348121,-0.0410377226510691,-0.0994382161245915,-0.0865313641688725,-0.0862983948413332,-0.066884908586465,0.1366728023060919,0.1524057243958806,0.020093545965258,0.078522604522157,0.078522604522157,0.0362123308206596,bert-base,beetle,True,RC,0
98,-0.0981628553938311,-0.0764296268147461,-0.0462163147132305,0.0940397665764408,0.1015221794409368,0.1879910282224194,0.0822179195089802,0.0818383785241147,0.0688263997103453,-0.142131308771342,-0.1354624154330121,-0.0964091465865252,-0.0242917937315329,-0.0242917937315329,0.07045250018819,bert-large,beetle,True,RC,1
99,0.1356479714049467,0.1330600216790251,0.0619323787210264,0.1609268994931687,0.1451019603725027,0.064800008710009,0.1460097212598091,0.1449538668049965,0.1233132406068581,0.1589937223546479,0.1553007487681015,0.1318275085733297,-0.0032722239568095,-0.0032722239568095,-0.0293040293040292,roberta-base,beetle,True,RC,2
100,-0.0332000022945722,-0.0233472728598811,-0.059168589834319,0.2726090000851098,0.2670621057594114,0.1586800917875736,0.2766643053644875,0.2776143285267897,0.2544581799118563,0.0080873136260013,0.0263379434334082,0.1030953662869032,-0.0880134705440723,-0.0880134705440723,-0.1185822072076027,roberta-large,beetle,True,RC,5
101,0.1128663808519348,0.0939477495455634,0.1520878793083082,0.0101580480307828,0.0008672546625181,0.0177729841509444,0.0254201145249117,0.0242912083814637,0.0975476524711079,0.1341883424724039,0.160550402328663,0.0810941644461411,0.1420565010324989,0.1420565010324989,0.0966630714465416,albert-base,beetle,True,RC,6
102,0.054206928507801,0.0541033215455536,0.025957465888432,-0.0144182258343784,-0.0001085239028286,0.0530899635057645,-0.0471973614292,-0.0406598206463974,-0.0083196978469682,0.0846966429119901,0.0768881900589529,0.0618441079305919,-0.0345514585343279,-0.0345514585343279,-0.0815690004222715,albert-large,beetle,True,RC,7
103,0.0660251464048325,0.1532430091348561,-0.0179601791030727,0.1188063962841041,0.0875083134343577,0.1217585508230783,0.1058878373270012,0.1020364680117308,0.0646644435265505,0.1202268067620108,0.1567425830585407,0.162294628464848,0.0318645846467125,0.0318645846467125,0.1399835422974545,distilroberta,beetle,True,RC,10
104,0.1061103874233088,0.0939932897809467,0.3427722202691041,0.2298145248063749,0.1889116668112481,0.2463386060496865,0.2210466831899284,0.2216577886621671,0.1846513719376386,-0.0366447874517803,-0.0602355659404462,0.1398624919031451,0.1840778459398421,0.1840778459398421,0.3061431201991782,roberta-base-squad2,beetle,True,RC,12
105,0.1694172851768172,0.2741606460485299,0.298741485644231,0.0037670789053063,-0.0081495948733636,0.0276868241328594,0.0265593228295775,0.0282576575203376,0.0719123632607604,0.2659247705749671,0.3122037177456014,0.2808289540367906,0.0875344200474437,0.0875344200474437,0.1402373500874571,distilroberta-base-squad2,beetle,True,RC,13
106,0.2456776287515524,0.2640641768450263,-0.0227698835516279,0.0249882432438602,0.0568587984612785,-0.0445776857295282,0.0198244020034425,0.0223138958477256,-0.0308877524512412,0.1993136887508711,0.2268288882434428,-0.0379613568274119,-0.0311429650814098,-0.0311429650814098,-0.1380955541842754,bert-base-squad2,beetle,True,RC,14
107,0.1101327960287978,0.1044875628914748,0.2195291046005354,-0.0283521330215056,-0.0342669784006995,-0.0537687354460022,-0.0335992110417627,-0.0389649980560524,-0.093316742170972,0.0994666641379543,0.1486632301934804,0.0891161530044204,0.2278471632238131,0.2278471632238131,0.2067929407249935,albert-base-squad2,beetle,True,RC,15
108,0.3010653729592275,0.3085600909516791,0.1706014735151516,0.0642550748271826,0.0649861644703784,-0.0006177723499555,0.0936473310740381,0.094046001938632,-0.0810832920335616,0.2562628025980578,0.2668816528476864,0.1225170618894473,0.1041544089807185,0.1041544089807185,0.0470989192130718,bert-large,beetle,True,DC,1
109,0.0546160253439906,0.0547496772821,0.0644298251323769,0.0816910045022891,0.0888473667303219,-0.0012964642171064,0.104005213365003,0.103920144011639,0.0157610593543715,0.0576021316857721,0.0610714752361819,0.0131422136391812,0.0238593394458133,0.0238593394458133,0.0008502300873872,albert-base,beetle,True,DC,6
110,0.1824339703743985,0.2090209923761696,0.0378133754828808,0.1692845243620271,0.1664279870973544,-0.0138354498157593,0.1608705726448718,0.1631200113379526,-0.1315432053299889,0.1854141489051135,0.2024026305679204,0.1335743393329311,0.0637549575341885,0.0637549575341885,-0.0134287670154559,roberta-large,beetle,True,DC,5
111,0.0619431831729637,0.064973917490894,0.0686696833222088,0.1095156114478102,0.1063610331455408,0.0650422688714221,0.0945218329415439,0.104111551879622,0.0531776694214115,0.0735779887494424,0.0779482074462647,0.063112358384087,0.0293795180047413,0.0293795180047413,-0.0125571962891168,albert-base-squad2,beetle,True,DC,15
112,0.3226578677056604,0.3299054943309321,0.1322671226482,0.1568109171121608,0.165712333995923,0.0228409944365806,0.164711179993152,0.1651188642975549,-0.0996841063848191,0.2754474926542561,0.2890940386803423,0.0723820978285403,0.1042152017989802,0.1042153648085661,0.0116681854782242,bert-base,beetle,True,DC,0
113,0.1545676152591152,0.1509618795784864,0.041220941798295,0.1106012112095241,0.1383435203503323,0.0221120256170292,0.1269050847960465,0.1265834537277612,-0.0800770090750024,0.1400816863704767,0.1395763749551834,0.025925228519943,0.0233259079546251,0.0233259079546251,-0.0208968827464026,distilroberta-base-squad2,beetle,True,DC,13
114,0.2070968003797172,0.2191012291482241,0.1325137616370801,0.1643898918857732,0.1752088688777821,0.0132333925995912,0.1766506915290298,0.1772723941672855,-0.0773006022035793,0.209462476024032,0.2306396206951402,0.0778058545662188,0.1562458944797324,0.1562458944797324,0.1255949154921814,roberta-base-squad2,beetle,True,DC,12
115,0.0904177129508549,0.0837921895702526,0.0637067643673985,0.0685491007666188,0.0751772058685763,0.0370945019717053,0.0937022664949387,0.091509657613371,-0.0006245453558104,0.0799235006896909,0.0790911445936773,0.0312998930377177,0.0479423231896804,0.0479423231896804,0.0266881051783417,albert-large,beetle,True,DC,7
116,0.216190314206086,0.2244212169835246,0.1533632782541313,0.1888854981336234,0.2081444558522972,0.0735305343416725,0.2019081714260019,0.2008688914325466,-0.0436548526846649,0.2138628965911908,0.2199097305777395,0.1153985353125116,0.1329159607514422,0.1329159607514422,0.1411102257409585,roberta-base,beetle,True,DC,2
117,0.1404413427499104,0.1577828698262595,0.1259900373303238,0.1073927083848642,0.108297531537904,0.1570104575443032,0.1309326445277036,0.1328293363021628,-0.0462369620470005,0.1372074759152396,0.1509190924262665,0.0703866883614885,0.0882050502726502,0.0882051176026965,0.0697784175577702,distilroberta,beetle,True,DC,10
118,0.3822788832386363,0.384039377033237,0.1964844649576603,0.1592596448802829,0.1784057427570604,0.0223318013497265,0.1479082780951922,0.1475519672957571,-0.1075054914943464,0.3175213439835201,0.3336507083085517,0.1100211778858601,0.1164891382055947,0.1164891382055947,0.03888220627978,bert-base-squad2,beetle,True,DC,14
